,Product,Price
0,"Simply Nourish® Shreds Adult Wet Dog Food - Natural, Grain Free",$2.37
1,Blue Buffalo Homestyle Recipe Adult Dog Food,$2.14
2,"Hill's® Science Diet® Perfect Weight Adult Wet Dog Food - Vegetable & Chicken Stew, 12.5 oz",$2.63
3,Purina Pro Plan Savor Adult Dog Food,$1.76
4,Purina Pro Plan Focus Sensitive Skin & Stomach Adult Dog Food - Salmon & Rice,$14.7
5,"Hill's® Science Diet® Sensitive Skin & Stomach Adult Wet Dog Food - Grain Free, 12.8 oz",$2.63
6,Simply Nourish® Shreds Adult Wet Dog Food - Natural,$2.37
7,Blue Buffalo Blue's Stew Adult Dog Food,$2.37
8,Hill's® Science Diet® Adult Senior 7+ Wet Dog Food - 13 oz,$2.40
9,"Blue Buffalo Wilderness Adult Dog Food - Grain Free, Natural",$2.38
10,Purina Pro Plan Essentials Shredded Blend Adult Dry Dog Food - Chicken & Rice,$13.7
11,Cesar® Canine Cuisine Adult Dog Food,$0.93
12,Authority Cuts in Gravy Adult Wet Dog Food,$1.80
13,Hill's® Science Diet® Adult Wet Dog Food - 13 oz,$2.35
14,Simply Nourish® Pate Adult Wet Dog Food - Natural,$2.18
15,Blue Buffalo Wilderness Wolf Creek Stew Grain Free Adult Dog Food,$2.38
16,Purina Pro Plan Select Sensitive Skin & Stomach Adult Dog Food - Salmon & Rice,$1.88
17,"Simply Nourish® Small Breed Shreds Adult Wet Dog Food - Natural, Grain Free",$1.32
18,Blue Buffalo Homestyle Recipe Chicken & Vegetable Senior Dog Food,$2.14
19,Hill's® Science Diet® Sensitive Skin & Stomach Adult Dry Dog Food - Chicken & Barley,$16.6
20,"Wellness® Petite Entrees Small Breed Adult Dog Food - Natural, Grain Free, Mini-Filets",$1.53
21,Authority Large Breed Adult Dog Food - Chicken & Rice,$34.1
22,Wellness® Stews Adult Wet Dog Food - Natural,$3.12
23,Blue Buffalo Family Favorite Recipes Adult Dog Food,$2.38
24,"Simply Nourish® Adult Dry Dog Food - Natural, Chicken & Brown Rice",$14.2
25,"Merrick® Lil' Plates™ Adult Dog Food - Small Breed, Grain Free",$1.61
26,Nulo MedalSeries Wet Food in Broth Dog Food - Limited Ingredient,$1.42
27,Authority Ground Entree Adult Wet Dog Food,$1.80
28,"Simply Nourish® Limited Ingredient Diet Adult Dry Dog Food - Natural, Salmon & Sweet Potato",$18.0
29,Cesar® Home Delights™ Adult Dog Food,$0.93
30,Cesar® Savory Delights™ Adult Dog Food,$0.93
31,Purina ONE SmartBlend Tender Cuts in Gravy Wet Dog Food,$1.43
32,Blue Buffalo Wilderness Trail Toppers Grain Free Wild Cuts Dog Food Topper,$1.89
33,"Hill's® Science Diet® Sensitive Skin & Stomach Adult Wet Dog Food - Grain Free, 12.5 oz",$2.63
34,Bil-Jac® Dog Food - Hearty Stew,$1.61
35,Great Choice® Classic Ground Dinner Adult Dog Food,$0.71
36,"Bil-Jac® Dog Food - Grain Free, Gluten Free, Harvest Feast®",$1.61
37,"Hill's® Science Diet® Small Breed Adult Wet Dog Food - Chicken & Barley, 5.8 oz",$1.88
38,Purina Pro Plan Focus Puppy Food - Chicken & Rice,$1.88
39,Purina Pro Plan Weight Management Adult Dog Food,$1.88
40,"Wellness® CORE® Simply Shreds Dog Food Topper - Natural, Grain Free, Chicken, Beef & Carrots",$1.62
41,"Simply Nourish® Large Breed Adult Dry Dog Food - Natural, Chicken & Brown Rice",$45.5
42,Simply Nourish® Small Breed Shreds Adult Wet Dog Food - Natural,$1.32
43,"Authority High Performance All Life Stages Dog Food - Turkey, Pea, Duck & Salmon, Grain Free",$13.2
44,Authority Small Breed Adult Stew in Gravy Wet Dog Food,$1.32
45,Cesar Sunrise® Canine Cuisine Adult Dog Food,$0.93
46,"Simply Nourish® Adult Dry Dog Food - Natural, Lamb & Oatmeal",$14.2
47,Blue Buffalo Homestyle Recipe Small Breed Adult Dog Food,$1.32
48,Blue Buffalo Life Protection Formula Adult Dog Food - Chicken & Brown Rice,$16.1
49,"Bil-Jac® Dog Food - Grain Free, Gluten Free, Chunky Stew",$1.61
50,"Wellness® CORE® Simply Shreds Dog Food Topper - Natural, Grain Free, Chicken, Salmon & Pumpkin",$1.62
51,Blue Buffalo Homestyle Recipes Healthy Weight Dog Food,$2.14
52,Nutro Hearty Stews Adult Wet Dog Food - Natural,$2.17
53,"Authority Large Breed Adult Dog Food - Chicken & Pea, Grain Free",$42.7
54,"Wellness® CORE® Simply Shreds Dog Food Topper - Natural, Grain Free, Chicken, Chicken Liver",$1.62
55,Simply Nourish® Small Breed Pate Adult Wet Dog Food - Natural,$1.23
56,Hill's® Science Diet® Large Breed Adult Dry Dog Food - Chicken & Barley,$55.0
57,"Simply Nourish® Limited Ingredient Diet Large Breed Dry Dog Food - Natural, Salmon & Sweet Potato",$53.1
58,Purina Pro Plan Savor Adult Dog Food,$1.18
59,Authority Small Bites All Life Stages Dog Food - Chicken & Rice,$14.2
60,Blue Buffalo Freedom Grain Free Grillers Adult Dog Food,$2.64
61,Royal Canin® Canine Health Nutrition Beauty Adult Loaf Wet Dog Food,$1.84
62,cesar® Gourmet Filets Adult Dog Food,$0.93
63,"Blue Buffalo Divine Delights Dog Food - Natural, Rotisserie Chicken",$1.19
64,"Nulo MedalSeries Dog Food - Grain Free, Beef & Vegetables",$2.75
65,Royal Canin® Size Health Nutrition Small Adult Dog Food,$14.1
66,Blue Buffalo Wilderness Rocky Mountain Recipe Grain Free Adult Dog Food,$2.38
67,Hill's® Prescription Diet® i/d Digestive Care Low Fat Dog Food - Original,$3.49
68,"Wellness® Petite Entrees Small Dog Food - Grain Free, Chicken, Turkey, Carrots & Green Beans",$1.53
69,Nature's Recipe Easy to Digest Adult Dog Food,$1.99
70,"Rachael Ray™ Nutrish® Dog Food - Natural, Chicken Paw Pie",$1.70
71,"Rachael Ray™ Nutrish® Dog Food - Natural, Savory Lamb Stew",$1.70
72,"Blue Buffalo Wilderness Flatland Feast Dog Food - Natural, Grain Free, Turkey, Quail & Duck",$2.37
73,Authority Large Breed Adult Dog Food - Lamb & Rice,$42.7
74,Blue Buffalo Wilderness Wolf Creek Stew Grain Free Beef Adult Dog Food,$2.38
75,Only Natural Pet PowerStew Wet Dog Food,$3.79
76,Pedigree Meaty Ground Dinner Adult Dog Food,$1.23
77,"Nulo MedalSeries Dog Food - Grain Free, Turkey & Sweet Potato",$2.75
78,Purina Pro Plan Specialized Large Breed Adult Dog Food,$39.8
79,"Nulo MedalSeries Dog Food - Grain Free, Chicken, Carrots & Peas",$2.75
80,Purina Pro Plan Large Breed Puppy Dog Food - Chicken & Rice,$39.8
81,"Rachael Ray™ Nutrish® Dog Food - Natural, Hearty Beef Stew",$1.70
82,"Blue Buffalo Homestyle Recipe Chicken, Vegetable & Brown Rice Puppy Food",$2.14
83,"Wellness® Petite Entrees Small Dog Food - Grain Free, Lamb, Venison, Sweet Potatoes & Carrots",$1.53
84,Purina Pro Plan Specialized Small Breed Adult Dog Food - Chicken & Rice,$14.7
85,"Wellness® CORE® Simply Shreds Dog Food Topper - Natural, Grain Free, Tuna, Beef & Carrots",$1.62
86,"Purina Pro Plan Savor Classic Adult Dog Food - Natural, Turkey & Sweet Potato, Grain Free",$1.88
87,"Hill's® Science Diet® Small Breed Puppy Wet Dog Food - Chicken & Barley, 13 oz",$2.65
88,Purina Pro Plan Probiotic Puppy Food,$14.7
89,"Rachael Ray™ Nutrish® Dog Food - Natural, Rustic Duck Stew",$1.70
90,Authority Tender Blends Large Breed Adult Dog Food - Chicken & Rice,$34.1
91,Great Choice® Classic Ground Dinner Adult Dog Food,$0.71
92,"Simply Nourish® SOURCE Shreds Wet Dog Food - Natural, High Protein, Grain Free",$2.56
93,Blue Buffalo Life Protection Formula Large Breed Adult Dog Food - Chicken & Brown Rice,$56.0
94,"Wellness® Petite Entrees Small Dog Food - Grain Free, Roasted Chicken, Beef, Green Beans & Peppers",$1.53
95,Bil-Jac® Large Breed Adult Dog Food - Chicken,$36.0
96,Royal Canin® Canine Health Nutrition™ Advanced Nutrition Adult Dog Food,$2.76
97,BIXBI Liberty® Wet Dog Food - Grain Free,$2.84
98,"Purina Pro Plan Savor Wet Dog Food, Grain Free",$1.88
99,"Instinct® Healthy Cravings Dog Food Topper - Natural, Grain Free, Lamb",$1.51
100,Pedigree Steak & Vegetable Adult Dog Food,$25.1
101,Cesar® Simply Crafted™ Adult Dog Food,$1.41
